buff_id,effect_type,trigger_event,conditions,actions,target_key,value
Buff-角色-艾莲-核心被动,bonus,,{},,CRIT_damage_numeric,1.0
Buff-角色-艾莲-额外能力,bonus,,{},,ICE_DMG_bonus,0.03
Buff-武器-精1深海访客-冰伤,bonus,,{},,ICE_DMG_bonus,0.25
Buff-武器-精1深海访客-暴击率-1,bonus,,{},,CRIT_rate_numeric,0.1
Buff-武器-精1深海访客-暴击率-2,bonus,,{},,CRIT_rate_numeric,0.1
Buff-武器-精2深海访客-冰伤,bonus,,{},,ICE_DMG_bonus,0.315
Buff-武器-精2深海访客-暴击率-1,bonus,,{},,CRIT_rate_numeric,0.125
Buff-武器-精2深海访客-暴击率-2,bonus,,{},,CRIT_rate_numeric,0.125
Buff-武器-精3深海访客-冰伤,bonus,,{},,ICE_DMG_bonus,0.38
Buff-武器-精3深海访客-暴击率-1,bonus,,{},,CRIT_rate_numeric,0.15
Buff-武器-精3深海访客-暴击率-2,bonus,,{},,CRIT_rate_numeric,0.15
Buff-武器-精4深海访客-冰伤,bonus,,{},,ICE_DMG_bonus,0.445
Buff-武器-精4深海访客-暴击率-1,bonus,,{},,CRIT_rate_numeric,0.175
Buff-武器-精4深海访客-暴击率-2,bonus,,{},,CRIT_rate_numeric,0.175
Buff-武器-精5深海访客-冰伤,bonus,,{},,ICE_DMG_bonus,0.5
Buff-武器-精5深海访客-暴击率-1,bonus,,{},,CRIT_rate_numeric,0.2
Buff-武器-精5深海访客-暴击率-2,bonus,,{},,CRIT_rate_numeric,0.2
Buff-驱动盘-极地重金属-冲刺攻击增伤,bonus,,{},,dash_attack_dmg_bonus,0.2
Buff-驱动盘-极地重金属-普攻增伤,bonus,,{},,normal_attack_dmg_bonus,0.2
Buff-驱动盘-极地重金属-冲刺与普攻增伤-有条件,bonus,,{},,normal_attack_dmg_bonus,0.2
Buff-驱动盘-极地重金属-冲刺与普攻增伤-有条件,bonus,,{},,dash_attack_dmg_bonus,0.2
Buff-驱动盘-震星迪斯科,bonus,,{},,normal_attack_daze_bonus,0.2
Buff-驱动盘-震星迪斯科,bonus,,{},,dash_attack_daze_bonus,0.2
Buff-驱动盘-震星迪斯科,bonus,,{},,dodge_counter_daze_bonus,0.2
Buff-驱动盘-啄木鸟电音-普攻,bonus,,{},,overall_ATK_percent,0.09
Buff-驱动盘-啄木鸟电音-闪避反击,bonus,,{},,overall_ATK_percent,0.09
Buff-驱动盘-啄木鸟电音-强化特殊技,bonus,,{},,overall_ATK_percent,0.09
Buff-角色-莱特-核心被动-冲击力提升,bonus,,{},,overall_IMP_percent,0.002
1161_NA_5_SH_EX|1161_NA_5_CoH_EX,bonus,,{},,fire_res_reduction,0.15
1161_NA_5_SH_EX|1161_NA_5_CoH_EX,bonus,,{},,ice_res_reduction,0.15
1161_NA_5_EndH_EX|1161_NA_5_EnEndH_EX,bonus,,{},,stun_duration_extension,180.0
1161_SNA_5|1161_NA_5_SH|1161_NA_5_CoH|1161_NA_5_EndH|1161_NA_5_EnEndH_EX|1161_NA_5_SH_EX|1161_NA_5_CoH_EX|1161_NA_5_EndH_EX,bonus,,{},,ICE_DMG_bonus,0.0025
1161_SNA_5|1161_NA_5_SH|1161_NA_5_CoH|1161_NA_5_EndH|1161_NA_5_EnEndH_EX|1161_NA_5_SH_EX|1161_NA_5_CoH_EX|1161_NA_5_EndH_EX,bonus,,{},,FIRE_DMG_bonus,0.0025
1141_SNA_1|1141_SNA_2|1141_SNA_3|1141_SNA_4|1141_SNA_5_FC|1141_SNA_5_NFC,bonus,,{},,normal_attack_daze_bonus,0.8
1141_SNA_1|1141_SNA_2|1141_SNA_3|1141_SNA_4|1141_SNA_5_FC|1141_SNA_5_NFC,bonus,,{},,FIRE_DMG_bonus,0.025
Buff-角色-莱卡恩-核心被动-减冰抗,bonus,,{},,ice_res_reduction,0.25
Buff-角色-莱卡恩-额外能力-失衡易伤倍率,bonus,,{},,stun_damage_taken_multiplier,0.35
Buff-异常-霜寒,bonus,,{},,crit_dmg_taken_bonus,0.1
Buff-异常-畏缩,bonus,,{},,daze_taken_ratio,0.075
1131_E_EX_A,bonus,,{},,ATK_numeric,1.0
Buff-角色-苍角-核心被动-2,bonus,,{},,ATK_numeric,1.0
Buff-武器-精1含羞恶面-冰伤,bonus,,{},,ICE_DMG_bonus,0.15
Buff-武器-精2含羞恶面-冰伤,bonus,,{},,ICE_DMG_bonus,0.175
Buff-武器-精3含羞恶面-冰伤,bonus,,{},,ICE_DMG_bonus,0.2
Buff-武器-精4含羞恶面-冰伤,bonus,,{},,ICE_DMG_bonus,0.225
Buff-武器-精5含羞恶面-冰伤,bonus,,{},,ICE_DMG_bonus,0.25
Buff-武器-精1含羞恶面-叠层攻击力,bonus,,{},,overall_ATK_percent,0.02
Buff-武器-精2含羞恶面-叠层攻击力,bonus,,{},,overall_ATK_percent,0.023
Buff-武器-精3含羞恶面-叠层攻击力,bonus,,{},,overall_ATK_percent,0.026
Buff-武器-精4含羞恶面-叠层攻击力,bonus,,{},,overall_ATK_percent,0.029
Buff-武器-精5含羞恶面-叠层攻击力,bonus,,{},,overall_ATK_percent,0.032
Buff-武器-精1燃狱齿轮-后台能量自动回复,bonus,,{},,sp_regen_numeric,0.6
Buff-武器-精2燃狱齿轮-后台能量自动回复,bonus,,{},,sp_regen_numeric,0.75
Buff-武器-精3燃狱齿轮-后台能量自动回复,bonus,,{},,sp_regen_numeric,0.9
Buff-武器-精4燃狱齿轮-后台能量自动回复,bonus,,{},,sp_regen_numeric,1.05
Buff-武器-精5燃狱齿轮-后台能量自动回复,bonus,,{},,sp_regen_numeric,1.2
Buff-武器-精1燃狱齿轮-叠层冲击力,bonus,,{},,overall_IMP_percent,0.1
Buff-武器-精2燃狱齿轮-叠层冲击力,bonus,,{},,overall_IMP_percent,0.125
Buff-武器-精3燃狱齿轮-叠层冲击力,bonus,,{},,overall_IMP_percent,0.15
Buff-武器-精4燃狱齿轮-叠层冲击力,bonus,,{},,overall_IMP_percent,0.175
Buff-武器-精5燃狱齿轮-叠层冲击力,bonus,,{},,overall_IMP_percent,0.2
Buff-武器-精1拘缚者,bonus,,{},,normal_attack_daze_bonus,0.06
Buff-武器-精1拘缚者,bonus,,{},,normal_attack_dmg_bonus,0.06
Buff-武器-精2拘缚者,bonus,,{},,normal_attack_daze_bonus,0.075
Buff-武器-精2拘缚者,bonus,,{},,normal_attack_dmg_bonus,0.075
Buff-武器-精3拘缚者,bonus,,{},,normal_attack_daze_bonus,0.09
Buff-武器-精3拘缚者,bonus,,{},,normal_attack_dmg_bonus,0.09
Buff-武器-精4拘缚者,bonus,,{},,normal_attack_daze_bonus,0.105
Buff-武器-精4拘缚者,bonus,,{},,normal_attack_dmg_bonus,0.105
Buff-武器-精5拘缚者,bonus,,{},,normal_attack_daze_bonus,0.12
Buff-武器-精5拘缚者,bonus,,{},,normal_attack_dmg_bonus,0.12
Buff-武器-精1焰心桂冠-冲击力提升,bonus,,{},,overall_IMP_percent,0.25
Buff-武器-精2焰心桂冠-冲击力提升,bonus,,{},,overall_IMP_percent,0.2875
Buff-武器-精3焰心桂冠-冲击力提升,bonus,,{},,overall_IMP_percent,0.325
Buff-武器-精4焰心桂冠-冲击力提升,bonus,,{},,overall_IMP_percent,0.3625
Buff-武器-精5焰心桂冠-冲击力提升,bonus,,{},,overall_IMP_percent,0.4
Buff-武器-精1焰心桂冠-受暴伤提升,bonus,,{},,crit_dmg_taken_bonus,0.015
Buff-武器-精2焰心桂冠-受暴伤提升,bonus,,{},,crit_dmg_taken_bonus,0.0172
Buff-武器-精3焰心桂冠-受暴伤提升,bonus,,{},,crit_dmg_taken_bonus,0.0195
Buff-武器-精4焰心桂冠-受暴伤提升,bonus,,{},,crit_dmg_taken_bonus,0.0217
Buff-武器-精5焰心桂冠-受暴伤提升,bonus,,{},,crit_dmg_taken_bonus,0.024
Buff-武器-精1玉壶青冰-普攻加冲击,bonus,,{},,overall_IMP_percent,0.007
Buff-武器-精2玉壶青冰-普攻加冲击,bonus,,{},,overall_IMP_percent,0.0088
Buff-武器-精3玉壶青冰-普攻加冲击,bonus,,{},,overall_IMP_percent,0.0105
Buff-武器-精4玉壶青冰-普攻加冲击,bonus,,{},,overall_IMP_percent,0.0122
Buff-武器-精5玉壶青冰-普攻加冲击,bonus,,{},,overall_IMP_percent,0.014
Buff-武器-精1玉壶青冰-15层后增伤,bonus,,{},,ALL_DMG_bonus,0.2
Buff-武器-精2玉壶青冰-15层后增伤,bonus,,{},,ALL_DMG_bonus,0.23
Buff-武器-精3玉壶青冰-15层后增伤,bonus,,{},,ALL_DMG_bonus,0.26
Buff-武器-精4玉壶青冰-15层后增伤,bonus,,{},,ALL_DMG_bonus,0.29
Buff-武器-精5玉壶青冰-15层后增伤,bonus,,{},,ALL_DMG_bonus,0.32
Buff-武器-精1贵重骨核-75%以上,bonus,,{},,daze_bonus,0.1
Buff-武器-精2贵重骨核-75%以上,bonus,,{},,daze_bonus,0.115
Buff-武器-精3贵重骨核-75%以上,bonus,,{},,daze_bonus,0.13
Buff-武器-精4贵重骨核-75%以上,bonus,,{},,daze_bonus,0.145
Buff-武器-精5贵重骨核-75%以上,bonus,,{},,daze_bonus,0.16
Buff-武器-精1贵重骨核-50%以上,bonus,,{},,daze_bonus,0.1
Buff-武器-精2贵重骨核-50%以上,bonus,,{},,daze_bonus,0.115
Buff-武器-精3贵重骨核-50%以上,bonus,,{},,daze_bonus,0.13
Buff-武器-精4贵重骨核-50%以上,bonus,,{},,daze_bonus,0.145
Buff-武器-精5贵重骨核-50%以上,bonus,,{},,daze_bonus,0.16
Buff-武器-精1人为刀俎,bonus,,{},,overall_IMP_percent,0.02
Buff-武器-精2人为刀俎,bonus,,{},,overall_IMP_percent,0.023
Buff-武器-精3人为刀俎,bonus,,{},,overall_IMP_percent,0.026
Buff-武器-精4人为刀俎,bonus,,{},,overall_IMP_percent,0.029
Buff-武器-精5人为刀俎,bonus,,{},,overall_IMP_percent,0.032
Buff-武器-精1德玛拉电池II型-电伤,bonus,,{},,ELECTRIC_DMG_bonus,0.15
Buff-武器-精2德玛拉电池II型-电伤,bonus,,{},,ELECTRIC_DMG_bonus,0.175
Buff-武器-精3德玛拉电池II型-电伤,bonus,,{},,ELECTRIC_DMG_bonus,0.2
Buff-武器-精4德玛拉电池II型-电伤,bonus,,{},,ELECTRIC_DMG_bonus,0.22
Buff-武器-精5德玛拉电池II型-电伤,bonus,,{},,ELECTRIC_DMG_bonus,0.24
Buff-武器-精1德玛拉电池II型-能量获得效率,bonus,,{},,sp_get_ratio,0.18
Buff-武器-精2德玛拉电池II型-能量获得效率,bonus,,{},,sp_get_ratio,0.205
Buff-武器-精3德玛拉电池II型-能量获得效率,bonus,,{},,sp_get_ratio,0.23
Buff-武器-精4德玛拉电池II型-能量获得效率,bonus,,{},,sp_get_ratio,0.255
Buff-武器-精5德玛拉电池II型-能量获得效率,bonus,,{},,sp_get_ratio,0.28
Buff-武器-精1硫磺石,bonus,,{},,overall_ATK_percent,0.035
Buff-武器-精2硫磺石,bonus,,{},,overall_ATK_percent,0.044
Buff-武器-精3硫磺石,bonus,,{},,overall_ATK_percent,0.052
Buff-武器-精4硫磺石,bonus,,{},,overall_ATK_percent,0.06
Buff-武器-精5硫磺石,bonus,,{},,overall_ATK_percent,0.07
Buff-角色-苍角-额外能力,bonus,,{},,ICE_DMG_bonus,0.25
1251_SNA_1|1251_SNA_2,bonus,,{},,stun_damage_taken_multiplier,0.04
1251_SNA_1|1251_SNA_2,bonus,,{},,chain_attack_dmg_bonus,0.03
Buff-角色-青衣-额外能力-失衡效率,bonus,,{},,normal_attack_daze_bonus,0.2
Buff-角色-青衣-额外能力-冲击转攻击,bonus,,{},,ATK_numeric,1.0
Buff-角色-11号-核心被动,bonus,,{},,normal_attack_dmg_bonus,0.7
Buff-角色-11号-组队被动-常驻,bonus,,{},,FIRE_DMG_bonus,0.1
Buff-角色-11号-组队被动-失衡,bonus,,{},,FIRE_DMG_bonus,0.225
Buff-角色-雅-终结技-冰伤,bonus,,{},,ICE_DMG_bonus,0.3
Buff-角色-雅-核心被动-冰焰,bonus,,{},,frost_buildup_rate,0.01
Buff-角色-雅-核心被动-霜灼,bonus,,{},,anomaly_buildup_rate,0.2
1091_SNA_1|1091_SNA_2|1091_SNA_3,bonus,,{},,normal_attack_dmg_bonus,0.6
Buff-角色-雅-组队被动-无视冰抗,bonus,,{},,ice_res_pen,0.3
Buff-角色-柏妮思-组队被动-延长灼烧,bonus,,{},,burn_duration_extension,180.0
Buff-角色-丽娜-核心被动-穿透率,bonus,,{},,PEN_ratio,0.01
Buff-角色-丽娜-组队被动-增伤,bonus,,{},,ELECTRIC_DMG_bonus,0.1
Buff-角色-丽娜-组队被动-延长感电,bonus,,{},,shock_duration_extension,180.0
Buff-音擎-精1霰落星殿-暴伤,bonus,,{},,CRIT_damage_numeric,0.5
Buff-音擎-精2霰落星殿-暴伤,bonus,,{},,CRIT_damage_numeric,0.57
Buff-音擎-精3霰落星殿-暴伤,bonus,,{},,CRIT_damage_numeric,0.65
Buff-音擎-精4霰落星殿-暴伤,bonus,,{},,CRIT_damage_numeric,0.72
Buff-音擎-精5霰落星殿-暴伤,bonus,,{},,CRIT_damage_numeric,0.8
Buff-音擎-精1霰落星殿-叠层冰伤,bonus,,{},,ICE_DMG_bonus,0.2
Buff-音擎-精2霰落星殿-叠层冰伤,bonus,,{},,ICE_DMG_bonus,0.23
Buff-音擎-精3霰落星殿-叠层冰伤,bonus,,{},,ICE_DMG_bonus,0.26
Buff-音擎-精4霰落星殿-叠层冰伤,bonus,,{},,ICE_DMG_bonus,0.29
Buff-音擎-精5霰落星殿-叠层冰伤,bonus,,{},,ICE_DMG_bonus,0.32
Buff-驱动盘-折枝剑歌-暴伤,bonus,,{},,CRIT_damage_numeric,0.3
Buff-驱动盘-折枝剑歌-暴击率,bonus,,{},,CRIT_rate_numeric,0.12
Buff-异常-烈霜霜寒,bonus,,{},,crit_dmg_taken_bonus,0.1
Buff-角色-青衣-核心被动-额外电压补偿,bonus,,{},,normal_attack_daze_bonus,0.01
Buff-角色-青衣-核心被动-额外电压补偿,bonus,,{},,normal_attack_dmg_bonus,0.005
Buff-驱动盘-自由蓝调-物理,bonus,,{},,phy_anomaly_res_reduction,0.2
Buff-驱动盘-自由蓝调-火,bonus,,{},,fire_anomaly_res_reduction,0.2
Buff-驱动盘-自由蓝调-冰,bonus,,{},,ice_res_reduction,0.2
Buff-驱动盘-自由蓝调-电,bonus,,{},,electric_res_reduction,0.2
Buff-驱动盘-自由蓝调-以太,bonus,,{},,ether_res_reduction,0.2
Buff-驱动盘-自由蓝调-烈霜,bonus,,{},,ice_anomaly_res_reduction,0.2
Buff-驱动盘-河豚电音-终结技伤害提升,bonus,,{},,ultimate_dmg_bonus,0.2
Buff-驱动盘-河豚电音-攻击力提升,bonus,,{},,overall_ATK_percent,0.15
Buff-驱动盘-静听嘉音-增伤,bonus,,{},,ALL_DMG_bonus,0.08
Buff-驱动盘-摇摆爵士-全队增伤,bonus,,{},,ALL_DMG_bonus,0.15
Buff-驱动盘-激素朋克-全局攻击力,bonus,,{},,overall_ATK_percent,0.25
Buff-驱动盘-混沌爵士-火电伤,bonus,,{},,FIRE_DMG_bonus,0.15
Buff-驱动盘-混沌爵士-火电伤,bonus,,{},,ELECTRIC_DMG_bonus,0.15
Buff-驱动盘-混沌爵士-前台增伤,bonus,,{},,ex_special_attack_dmg_bonus,0.2
Buff-驱动盘-混沌爵士-前台增伤,bonus,,{},,assist_attack_dmg_bonus,0.2
Buff-驱动盘-原始朋克-全队增伤,bonus,,{},,ALL_DMG_bonus,0.15
Buff-驱动盘-獠牙重金属-增伤,bonus,,{},,ALL_DMG_bonus,0.35
Buff-武器-精1啜泣摇篮-后台回能,bonus,,{},,sp_regen_numeric,0.6
Buff-武器-精1啜泣摇篮-全队增伤,bonus,,{},,ALL_DMG_bonus,0.1
Buff-武器-精1啜泣摇篮-全队增伤自增长,bonus,,{},,ALL_DMG_bonus,0.017
Buff-武器-精2啜泣摇篮-后台回能,bonus,,{},,sp_regen_numeric,0.75
Buff-武器-精2啜泣摇篮-全队增伤,bonus,,{},,ALL_DMG_bonus,0.125
Buff-武器-精2啜泣摇篮-全队增伤自增长,bonus,,{},,ALL_DMG_bonus,0.02
Buff-武器-精3啜泣摇篮-后台回能,bonus,,{},,sp_regen_numeric,0.9
Buff-武器-精3啜泣摇篮-全队增伤,bonus,,{},,ALL_DMG_bonus,0.15
Buff-武器-精3啜泣摇篮-全队增伤自增长,bonus,,{},,ALL_DMG_bonus,0.025
Buff-武器-精4啜泣摇篮-后台回能,bonus,,{},,sp_regen_numeric,1.05
Buff-武器-精4啜泣摇篮-全队增伤,bonus,,{},,ALL_DMG_bonus,0.175
Buff-武器-精4啜泣摇篮-全队增伤自增长,bonus,,{},,ALL_DMG_bonus,0.03
Buff-武器-精5啜泣摇篮-后台回能,bonus,,{},,sp_regen_numeric,1.2
Buff-武器-精5啜泣摇篮-全队增伤,bonus,,{},,ALL_DMG_bonus,0.2
Buff-武器-精5啜泣摇篮-全队增伤自增长,bonus,,{},,ALL_DMG_bonus,0.033
Buff-武器-精1聚宝箱-回能,bonus,,{},,sp_regen_numeric,0.5
Buff-武器-精1聚宝箱-全队增伤,bonus,,{},,ALL_DMG_bonus,0.15
Buff-武器-精2聚宝箱-回能,bonus,,{},,sp_regen_numeric,0.58
Buff-武器-精2聚宝箱-全队增伤,bonus,,{},,ALL_DMG_bonus,0.175
Buff-武器-精3聚宝箱-回能,bonus,,{},,sp_regen_numeric,0.65
Buff-武器-精3聚宝箱-全队增伤,bonus,,{},,ALL_DMG_bonus,0.2
Buff-武器-精4聚宝箱-回能,bonus,,{},,sp_regen_numeric,0.72
Buff-武器-精4聚宝箱-全队增伤,bonus,,{},,ALL_DMG_bonus,0.22
Buff-武器-精5聚宝箱-回能,bonus,,{},,sp_regen_numeric,0.8
Buff-武器-精5聚宝箱-全队增伤,bonus,,{},,ALL_DMG_bonus,0.24
Buff-武器-精1好斗的阿炮-全局攻击力,bonus,,{},,overall_ATK_percent,0.025
Buff-武器-精2好斗的阿炮-全局攻击力,bonus,,{},,overall_ATK_percent,0.028
Buff-武器-精3好斗的阿炮-全局攻击力,bonus,,{},,overall_ATK_percent,0.032
Buff-武器-精4好斗的阿炮-全局攻击力,bonus,,{},,overall_ATK_percent,0.036
Buff-武器-精5好斗的阿炮-全局攻击力,bonus,,{},,overall_ATK_percent,0.04
Buff-武器-精1残响Ⅰ型-全队冲击力,bonus,,{},,overall_IMP_percent,0.08
Buff-武器-精2残响Ⅰ型-全队冲击力,bonus,,{},,overall_IMP_percent,0.09
Buff-武器-精3残响Ⅰ型-全队冲击力,bonus,,{},,overall_IMP_percent,0.1
Buff-武器-精4残响Ⅰ型-全队冲击力,bonus,,{},,overall_IMP_percent,0.11
Buff-武器-精5残响Ⅰ型-全队冲击力,bonus,,{},,overall_IMP_percent,0.12
Buff-武器-精1残响II型-全队掌控精通,bonus,,{},,overall_AM_percent,10.0
Buff-武器-精1残响II型-全队掌控精通,bonus,,{},,AP_numeric,10.0
Buff-武器-精2残响II型-全队掌控精通,bonus,,{},,overall_AM_percent,11.5
Buff-武器-精2残响II型-全队掌控精通,bonus,,{},,AP_numeric,11.5
Buff-武器-精3残响II型-全队掌控精通,bonus,,{},,overall_AM_percent,13.0
Buff-武器-精3残响II型-全队掌控精通,bonus,,{},,AP_numeric,13.0
Buff-武器-精4残响II型-全队掌控精通,bonus,,{},,overall_AM_percent,14.5
Buff-武器-精4残响II型-全队掌控精通,bonus,,{},,AP_numeric,14.5
Buff-武器-精5残响II型-全队掌控精通,bonus,,{},,overall_AM_percent,16.0
Buff-武器-精5残响II型-全队掌控精通,bonus,,{},,AP_numeric,16.0
Buff-武器-精1残响III型-全队攻击力,bonus,,{},,overall_ATK_percent,0.08
Buff-武器-精2残响III型-全队攻击力,bonus,,{},,overall_ATK_percent,0.09
Buff-武器-精3残响III型-全队攻击力,bonus,,{},,overall_ATK_percent,0.1
Buff-武器-精4残响III型-全队攻击力,bonus,,{},,overall_ATK_percent,0.11
Buff-武器-精5残响III型-全队攻击力,bonus,,{},,overall_ATK_percent,0.12
Buff-角色-妮可-核心被动-减防,bonus,,{},,def_reduction_percentage,0.4
Buff-角色-妮可-组队被动以太-增伤,bonus,,{},,ETHER_DMG_bonus,0.25
Buff-角色-凯撒-大招-命中护盾增加失衡值,bonus,,{},,ultimate_daze_bonus,1.0
Buff-角色-凯撒-核心被动-攻击力,bonus,,{},,ATK_numeric,1000.0
1071_E_A|1071_E_B|1071_E_EX_A|1071_E_EX_B|1071_SNA,bonus,,{},,ALL_DMG_bonus,0.25
Buff-角色-耀佳音-咏叹华彩,bonus,,{},,ALL_DMG_bonus,0.2
Buff-角色-耀佳音-咏叹华彩,bonus,,{},,CRIT_damage_numeric,0.25
Buff-角色-耀佳音-咏叹华彩,trigger,legacy_migration_check,"{""legacy_logic_id"": ""Buff-角色-耀佳音-咏叹华彩"", ""legacy_trigger_type"": ""skill_start""}","[{""func"": ""NOT_IMPLEMENTED""}]",,0.0
Buff-角色-耀佳音-核心被动-攻击力,bonus,,{},,ATK_numeric,1.0
Buff-角色-耀佳音-快支管理器-触发器,trigger,legacy_migration_check,"{""legacy_logic_id"": ""Buff-角色-耀佳音-快支管理器-触发器"", ""legacy_trigger_type"": ""skill_hit""}","[{""func"": ""NOT_IMPLEMENTED""}]",,0.0
Buff-角色-耀佳音-震音管理器-触发器,trigger,legacy_migration_check,"{""legacy_logic_id"": ""Buff-角色-耀佳音-震音管理器-触发器"", ""legacy_trigger_type"": ""skill_start""}","[{""func"": ""NOT_IMPLEMENTED""}]",,0.0
Buff-角色-柏妮思-核心被动-余烬增伤,bonus,,{},,fire_buildup_rate,0.65
Buff-角色-柏妮思-影画2-热意洞穿,bonus,,{},,PEN_ratio,0.04
Buff-角色-柏妮思-影画4-招式暴击率,bonus,,{},,CRIT_rate_numeric,0.3
Buff-武器-精1灼心摇壶-回能,bonus,,{},,sp_regen_numeric,0.6
Buff-武器-精1灼心摇壶-增伤,bonus,,{},,ALL_DMG_bonus,0.035
Buff-武器-精1灼心摇壶-精通,bonus,,{},,AP_numeric,50.0
Buff-武器-精2灼心摇壶-回能,bonus,,{},,sp_regen_numeric,0.75
Buff-武器-精2灼心摇壶-增伤,bonus,,{},,ALL_DMG_bonus,0.044
Buff-武器-精2灼心摇壶-精通,bonus,,{},,AP_numeric,62.0
Buff-武器-精3灼心摇壶-回能,bonus,,{},,sp_regen_numeric,0.9
Buff-武器-精3灼心摇壶-增伤,bonus,,{},,ALL_DMG_bonus,0.052
Buff-武器-精3灼心摇壶-精通,bonus,,{},,AP_numeric,75.0
Buff-武器-精4灼心摇壶-回能,bonus,,{},,sp_regen_numeric,1.05
Buff-武器-精4灼心摇壶-增伤,bonus,,{},,ALL_DMG_bonus,0.061
Buff-武器-精4灼心摇壶-精通,bonus,,{},,AP_numeric,87.0
Buff-武器-精5灼心摇壶-回能,bonus,,{},,sp_regen_numeric,1.2
Buff-武器-精5灼心摇壶-增伤,bonus,,{},,ALL_DMG_bonus,0.07
Buff-武器-精5灼心摇壶-精通,bonus,,{},,AP_numeric,100.0
Buff-武器-精1嵌合编译器-攻击力,bonus,,{},,overall_ATK_percent,0.12
Buff-武器-精1嵌合编译器-精通,bonus,,{},,AP_numeric,25.0
Buff-武器-精2嵌合编译器-攻击力,bonus,,{},,overall_ATK_percent,0.15
Buff-武器-精2嵌合编译器-精通,bonus,,{},,AP_numeric,31.0
Buff-武器-精3嵌合编译器-攻击力,bonus,,{},,overall_ATK_percent,0.18
Buff-武器-精3嵌合编译器-精通,bonus,,{},,AP_numeric,37.0
Buff-武器-精4嵌合编译器-攻击力,bonus,,{},,overall_ATK_percent,0.21
Buff-武器-精4嵌合编译器-精通,bonus,,{},,AP_numeric,43.0
Buff-武器-精5嵌合编译器-攻击力,bonus,,{},,overall_ATK_percent,0.24
Buff-武器-精5嵌合编译器-精通,bonus,,{},,AP_numeric,50.0
Buff-武器-精1防暴者Ⅵ型-暴击率,bonus,,{},,CRIT_rate_numeric,0.15
Buff-武器-精2防暴者Ⅵ型-暴击率,bonus,,{},,CRIT_rate_numeric,0.188
Buff-武器-精3防暴者Ⅵ型-暴击率,bonus,,{},,CRIT_rate_numeric,0.226
Buff-武器-精4防暴者Ⅵ型-暴击率,bonus,,{},,CRIT_rate_numeric,0.264
Buff-武器-精5防暴者Ⅵ型-暴击率,bonus,,{},,CRIT_rate_numeric,0.3
Buff-武器-精1防暴者Ⅵ型-普攻增伤,bonus,,{},,normal_attack_dmg_bonus,0.35
Buff-武器-精2防暴者Ⅵ型-普攻增伤,bonus,,{},,normal_attack_dmg_bonus,0.435
Buff-武器-精3防暴者Ⅵ型-普攻增伤,bonus,,{},,normal_attack_dmg_bonus,0.52
Buff-武器-精4防暴者Ⅵ型-普攻增伤,bonus,,{},,normal_attack_dmg_bonus,0.605
Buff-武器-精5防暴者Ⅵ型-普攻增伤,bonus,,{},,normal_attack_dmg_bonus,0.7
"
1241_SRA_F_ET|1241_SRA_B_ET|1241_SRA_S_ET|1241_SNA_1_A|1241_SNA_1_A_α|1241_SNA_1_A_β|1241_SNA_2_A|1241_SNA_3_A|1241_SNA_4_A|1241_SNA_10_A",bonus,,{},,normal_attack_dmg_bonus,0.4
Buff-角色-朱鸢-核心被动-失衡普攻增伤,bonus,,{},,normal_attack_dmg_bonus,0.4
Buff-角色-朱鸢-额外能力-暴击率,bonus,,{},,CRIT_rate_numeric,0.3
"
1241_SRA_F_ET|1241_SRA_B_ET|1241_SRA_S_ET|1241_SNA_1_A|1241_SNA_1_A_α|1241_SNA_1_A_β|1241_SNA_2_A|1241_SNA_3_A|1241_SNA_4_A|1241_SNA_10_A",bonus,,{},,normal_attack_dmg_bonus,0.1
"
1241_SRA_F_ET|1241_SRA_B_ET|1241_SRA_S_ET|1241_SNA_1_A|1241_SNA_1_A_α|1241_SNA_1_A_β|1241_SNA_2_A|1241_SNA_3_A|1241_SNA_4_A|1241_SNA_10_A",bonus,,{},,ether_res_reduction,0.25
Buff-角色-伊芙琳-核心被动-暴击率提升,bonus,,{},,CRIT_rate_numeric,0.25
Buff-角色-伊芙琳-组队被动-连携技大招增伤,bonus,,{},,chain_attack_dmg_bonus,0.3
Buff-角色-伊芙琳-组队被动-连携技大招增伤,bonus,,{},,ultimate_dmg_bonus,0.3
Buff-角色-伊芙琳-1画-无视防御力,bonus,,{},,def_reduction_percentage,0.12
1321_E_2|1321_E_EX|1321_E_EX_A,bonus,,{},,def_reduction_percentage,0.12
Buff-角色-伊芙琳-2画-局内大攻击,bonus,,{},,overall_ATK_percent,0.15
Buff-角色-伊芙琳-4画-护盾给暴伤,bonus,,{},,CRIT_damage_numeric,0.4
Buff-武器-精1心弦夜响-暴伤,bonus,,{},,CRIT_damage_numeric,0.5
Buff-武器-精2心弦夜响-暴伤,bonus,,{},,CRIT_damage_numeric,0.575
Buff-武器-精3心弦夜响-暴伤,bonus,,{},,CRIT_damage_numeric,0.65
Buff-武器-精4心弦夜响-暴伤,bonus,,{},,CRIT_damage_numeric,0.725
Buff-武器-精5心弦夜响-暴伤,bonus,,{},,CRIT_damage_numeric,0.8
Buff-武器-精1心弦夜响-无视火抗,bonus,,{},,fire_res_pen,0.125
Buff-武器-精2心弦夜响-无视火抗,bonus,,{},,fire_res_pen,0.145
Buff-武器-精3心弦夜响-无视火抗,bonus,,{},,fire_res_pen,0.165
Buff-武器-精4心弦夜响-无视火抗,bonus,,{},,fire_res_pen,0.185
Buff-武器-精5心弦夜响-无视火抗,bonus,,{},,fire_res_pen,0.2
1201_SRA_1|1201_SRA_2|1201_SRA_3,bonus,,{},,CRIT_rate_numeric,0.25
1201_SRA_1|1201_SRA_2|1201_SRA_3,bonus,,{},,CRIT_damage_numeric,0.12
Buff-角色-悠真-组队被动,bonus,,{},,ALL_DMG_bonus,0.4
Buff-角色-悠真-2画-特殊冲刺攻击增伤,bonus,,{},,dash_attack_dmg_bonus,0.5
Buff-角色-悠真-6画-无视电抗,bonus,,{},,electric_res_pen,0.15
Buff-武器-精1残心青囊-暴击率,bonus,,{},,CRIT_rate_numeric,0.1
Buff-武器-精2残心青囊-暴击率,bonus,,{},,CRIT_rate_numeric,0.115
Buff-武器-精3残心青囊-暴击率,bonus,,{},,CRIT_rate_numeric,0.13
Buff-武器-精4残心青囊-暴击率,bonus,,{},,CRIT_rate_numeric,0.145
Buff-武器-精5残心青囊-暴击率,bonus,,{},,CRIT_rate_numeric,0.16
Buff-武器-精1残心青囊-电属性伤害,bonus,,{},,ELECTRIC_DMG_bonus,0.4
Buff-武器-精2残心青囊-电属性伤害,bonus,,{},,ELECTRIC_DMG_bonus,0.46
Buff-武器-精3残心青囊-电属性伤害,bonus,,{},,ELECTRIC_DMG_bonus,0.52
Buff-武器-精4残心青囊-电属性伤害,bonus,,{},,ELECTRIC_DMG_bonus,0.58
Buff-武器-精5残心青囊-电属性伤害,bonus,,{},,ELECTRIC_DMG_bonus,0.64
Buff-武器-精1残心青囊-条件暴击率,bonus,,{},,CRIT_rate_numeric,0.1
Buff-武器-精2残心青囊-条件暴击率,bonus,,{},,CRIT_rate_numeric,0.115
Buff-武器-精3残心青囊-条件暴击率,bonus,,{},,CRIT_rate_numeric,0.13
Buff-武器-精4残心青囊-条件暴击率,bonus,,{},,CRIT_rate_numeric,0.145
Buff-武器-精5残心青囊-条件暴击率,bonus,,{},,CRIT_rate_numeric,0.16
Buff-角色-艾莲-1画-暴击率,bonus,,{},,CRIT_rate_numeric,0.02
Buff-角色-艾莲-2画-强化特殊技额外爆伤,bonus,,{},,CRIT_damage_numeric,0.2
Buff-角色-艾莲-6画-穿透率,bonus,,{},,PEN_ratio,0.2
Buff-角色-艾莲-6画-冲刺蓄力剪增伤,bonus,,{},,dash_attack_dmg_bonus,2.5
1041_SNA_1|1041_SNA_2|1041_SNA_3|1041_SNA_4|1041_SRA,bonus,,{},,normal_attack_dmg_bonus,0.03
1041_SNA_1|1041_SNA_2|1041_SNA_3|1041_SNA_4|1041_SRA,bonus,,{},,dash_attack_dmg_bonus,0.03
1041_SNA_1|1041_SNA_2|1041_SNA_3|1041_SNA_4|1041_SRA,bonus,,{},,dodge_counter_dmg_bonus,0.03
Buff-武器-精1家政员-后场时能量回复,bonus,,{},,sp_regen_numeric,0.45
Buff-武器-精2家政员-后场时能量回复,bonus,,{},,sp_regen_numeric,0.52
Buff-武器-精3家政员-后场时能量回复,bonus,,{},,sp_regen_numeric,0.58
Buff-武器-精4家政员-后场时能量回复,bonus,,{},,sp_regen_numeric,0.65
Buff-武器-精5家政员-后场时能量回复,bonus,,{},,sp_regen_numeric,0.72
Buff-武器-精1家政员-物理增伤,bonus,,{},,PHY_DMG_bonus,0.03
Buff-武器-精2家政员-物理增伤,bonus,,{},,PHY_DMG_bonus,0.035
Buff-武器-精3家政员-物理增伤,bonus,,{},,PHY_DMG_bonus,0.04
Buff-武器-精4家政员-物理增伤,bonus,,{},,PHY_DMG_bonus,0.044
Buff-武器-精5家政员-物理增伤,bonus,,{},,PHY_DMG_bonus,0.048
Buff-武器-精1旋钻机-赤轴-电属性增伤,bonus,,{},,normal_attack_dmg_bonus,0.5
Buff-武器-精1旋钻机-赤轴-电属性增伤,bonus,,{},,dash_attack_dmg_bonus,0.5
Buff-武器-精2旋钻机-赤轴-电属性增伤,bonus,,{},,normal_attack_dmg_bonus,0.575
Buff-武器-精2旋钻机-赤轴-电属性增伤,bonus,,{},,dash_attack_dmg_bonus,0.575
Buff-武器-精3旋钻机-赤轴-电属性增伤,bonus,,{},,normal_attack_dmg_bonus,0.65
Buff-武器-精3旋钻机-赤轴-电属性增伤,bonus,,{},,dash_attack_dmg_bonus,0.65
Buff-武器-精4旋钻机-赤轴-电属性增伤,bonus,,{},,normal_attack_dmg_bonus,0.725
Buff-武器-精4旋钻机-赤轴-电属性增伤,bonus,,{},,dash_attack_dmg_bonus,0.725
Buff-武器-精5旋钻机-赤轴-电属性增伤,bonus,,{},,normal_attack_dmg_bonus,0.8
Buff-武器-精5旋钻机-赤轴-电属性增伤,bonus,,{},,dash_attack_dmg_bonus,0.8
Buff-武器-精1星徽引擎-攻击力提升,bonus,,{},,overall_ATK_percent,0.12
Buff-武器-精2星徽引擎-攻击力提升,bonus,,{},,overall_ATK_percent,0.138
Buff-武器-精3星徽引擎-攻击力提升,bonus,,{},,overall_ATK_percent,0.156
Buff-武器-精4星徽引擎-攻击力提升,bonus,,{},,overall_ATK_percent,0.174
Buff-武器-精5星徽引擎-攻击力提升,bonus,,{},,overall_ATK_percent,0.192
Buff-武器-精1星鎏金花信-攻击力提升,bonus,,{},,overall_ATK_percent,0.06
Buff-武器-精2星鎏金花信-攻击力提升,bonus,,{},,overall_ATK_percent,0.069
Buff-武器-精3星鎏金花信-攻击力提升,bonus,,{},,overall_ATK_percent,0.078
Buff-武器-精4星鎏金花信-攻击力提升,bonus,,{},,overall_ATK_percent,0.087
Buff-武器-精5星鎏金花信-攻击力提升,bonus,,{},,overall_ATK_percent,0.096
Buff-武器-精1星鎏金花信-强化特殊技增伤,bonus,,{},,ex_special_attack_dmg_bonus,0.15
Buff-武器-精2星鎏金花信-强化特殊技增伤,bonus,,{},,ex_special_attack_dmg_bonus,0.172
Buff-武器-精3星鎏金花信-强化特殊技增伤,bonus,,{},,ex_special_attack_dmg_bonus,0.195
Buff-武器-精4星鎏金花信-强化特殊技增伤,bonus,,{},,ex_special_attack_dmg_bonus,0.218
Buff-武器-精5星鎏金花信-强化特殊技增伤,bonus,,{},,ex_special_attack_dmg_bonus,0.24
Buff-武器-精1星强音热望-攻击力提升,bonus,,{},,overall_ATK_percent,0.06
Buff-武器-精2星强音热望-攻击力提升,bonus,,{},,overall_ATK_percent,0.069
Buff-武器-精3星强音热望-攻击力提升,bonus,,{},,overall_ATK_percent,0.078
Buff-武器-精4星强音热望-攻击力提升,bonus,,{},,overall_ATK_percent,0.087
Buff-武器-精5星强音热望-攻击力提升,bonus,,{},,overall_ATK_percent,0.096
Buff-武器-精1星强音热望-额外攻击力提升,bonus,,{},,overall_ATK_percent,0.06
Buff-武器-精2星强音热望-额外攻击力提升,bonus,,{},,overall_ATK_percent,0.069
Buff-武器-精3星强音热望-额外攻击力提升,bonus,,{},,overall_ATK_percent,0.078
Buff-武器-精4星强音热望-额外攻击力提升,bonus,,{},,overall_ATK_percent,0.087
Buff-武器-精5星强音热望-额外攻击力提升,bonus,,{},,overall_ATK_percent,0.096
Buff-角色-扳机-核心被动-失衡易伤,bonus,,{},,stun_damage_taken_multiplier,0.35
Buff-角色-扳机-额外能力-追加攻击失衡值提升,bonus,,{},,follow_up_daze_bonus,0.01
Buff-角色-扳机-1画-失衡易伤提升,bonus,,{},,stun_damage_taken_multiplier,0.2
Buff-角色-零号·安比-核心被动-增伤,bonus,,{},,ALL_DMG_bonus,0.25
Buff-角色-零号·安比-核心被动-受暴伤增加,bonus,,{},,follow_up_crit_dmg_bonus,0.01
Buff-角色-零号·安比-组队被动-暴击率提升,bonus,,{},,CRIT_rate_numeric,0.1
Buff-角色-零号·安比-组队被动-全队对银星目标增伤,bonus,,{},,follow_up_dmg_bonus,0.25
Buff-角色-零号·安比-2画-暴击率提升,bonus,,{},,CRIT_rate_numeric,0.12
Buff-角色-零号·安比-4画-无视电抗,bonus,,{},,electric_res_pen,0.12
Buff-武器-精1牺牲洁纯-常驻暴伤,bonus,,{},,CRIT_damage_numeric,0.3
Buff-武器-精2牺牲洁纯-常驻暴伤,bonus,,{},,CRIT_damage_numeric,0.345
Buff-武器-精3牺牲洁纯-常驻暴伤,bonus,,{},,CRIT_damage_numeric,0.39
Buff-武器-精4牺牲洁纯-常驻暴伤,bonus,,{},,CRIT_damage_numeric,0.435
Buff-武器-精5牺牲洁纯-常驻暴伤,bonus,,{},,CRIT_damage_numeric,0.48
Buff-武器-精1牺牲洁纯-触发暴伤,bonus,,{},,CRIT_damage_numeric,0.1
Buff-武器-精2牺牲洁纯-触发暴伤,bonus,,{},,CRIT_damage_numeric,0.115
Buff-武器-精3牺牲洁纯-触发暴伤,bonus,,{},,CRIT_damage_numeric,0.13
Buff-武器-精4牺牲洁纯-触发暴伤,bonus,,{},,CRIT_damage_numeric,0.145
Buff-武器-精5牺牲洁纯-触发暴伤,bonus,,{},,CRIT_damage_numeric,0.16
Buff-武器-精1牺牲洁纯-满层电伤,bonus,,{},,ELECTRIC_DMG_bonus,0.2
Buff-武器-精2牺牲洁纯-满层电伤,bonus,,{},,ELECTRIC_DMG_bonus,0.23
Buff-武器-精3牺牲洁纯-满层电伤,bonus,,{},,ELECTRIC_DMG_bonus,0.26
Buff-武器-精4牺牲洁纯-满层电伤,bonus,,{},,ELECTRIC_DMG_bonus,0.29
Buff-武器-精5牺牲洁纯-满层电伤,bonus,,{},,ELECTRIC_DMG_bonus,0.32
Buff-驱动盘-如影相随-二件套,bonus,,{},,follow_up_dmg_bonus,0.15
Buff-驱动盘-如影相随-二件套,bonus,,{},,dash_attack_dmg_bonus,0.15
Buff-驱动盘-如影相随-四件套,bonus,,{},,overall_ATK_percent,0.04
Buff-驱动盘-如影相随-四件套,bonus,,{},,CRIT_rate_numeric,0.04
Buff-武器-精1索魂影眸-减防,bonus,,{},,def_reduction_percentage,0.25
Buff-武器-精2索魂影眸-减防,bonus,,{},,def_reduction_percentage,0.2875
Buff-武器-精3索魂影眸-减防,bonus,,{},,def_reduction_percentage,0.325
Buff-武器-精4索魂影眸-减防,bonus,,{},,def_reduction_percentage,0.3625
Buff-武器-精5索魂影眸-减防,bonus,,{},,def_reduction_percentage,0.4
Buff-武器-精1索魂影眸-魂锁,bonus,,{},,overall_IMP_percent,0.04
Buff-武器-精2索魂影眸-魂锁,bonus,,{},,overall_IMP_percent,0.046
Buff-武器-精3索魂影眸-魂锁,bonus,,{},,overall_IMP_percent,0.052
Buff-武器-精4索魂影眸-魂锁,bonus,,{},,overall_IMP_percent,0.058
Buff-武器-精5索魂影眸-魂锁,bonus,,{},,overall_IMP_percent,0.064
Buff-武器-精1索魂影眸-冲击力,bonus,,{},,overall_IMP_percent,0.08
Buff-武器-精2索魂影眸-冲击力,bonus,,{},,overall_IMP_percent,0.092
Buff-武器-精3索魂影眸-冲击力,bonus,,{},,overall_IMP_percent,0.104
Buff-武器-精4索魂影眸-冲击力,bonus,,{},,overall_IMP_percent,0.116
Buff-武器-精5索魂影眸-冲击力,bonus,,{},,overall_IMP_percent,0.128
Buff-角色-柳-架势-上弦,bonus,,{},,ELECTRIC_DMG_bonus,0.1
Buff-角色-柳-架势-上弦,trigger,legacy_migration_check,"{""legacy_logic_id"": ""skill_start"", ""legacy_trigger_type"": null, ""element"": ""1""}","[{""func"": ""NOT_IMPLEMENTED""}]",,0.0
Buff-角色-柳-架势-下弦,bonus,,{},,PEN_ratio,0.1
Buff-角色-柳-架势-下弦,trigger,legacy_migration_check,"{""legacy_logic_id"": ""skill_start"", ""legacy_trigger_type"": null, ""element"": ""1""}","[{""func"": ""NOT_IMPLEMENTED""}]",,0.0
Buff-角色-柳-森罗万象,trigger,legacy_migration_check,"{""legacy_logic_id"": ""skill_start"", ""legacy_trigger_type"": null, ""element"": ""1""}","[{""func"": ""NOT_IMPLEMENTED""}]",,0.0
Buff-角色-柳-核心被动-紊乱倍率提升,bonus,,{},,disorder_multiplier,2.5
Buff-角色-柳-核心被动-电伤增幅,bonus,,{},,ELECTRIC_DMG_bonus,0.2
Buff-角色-柳-额外能力-积蓄效率,bonus,,{},,normal_attack_buildup_rate,0.45
Buff-角色-柳-极性紊乱触发器,trigger,legacy_migration_check,"{""legacy_logic_id"": ""skill_hit"", ""legacy_trigger_type"": null, ""element"": ""1""}","[{""func"": ""NOT_IMPLEMENTED""}]",,0.0
Buff-角色-柳-1画-精通增幅,bonus,,{},,AP_numeric,80.0
Buff-角色-柳-1画-精通增幅,trigger,legacy_migration_check,"{""legacy_logic_id"": ""skill_start"", ""legacy_trigger_type"": null}","[{""func"": ""NOT_IMPLEMENTED""}]",,0.0
1221_E_EX_1,bonus,,{},,electric_buildup_rate,0.2
Buff-角色-柳-4画-识破,bonus,,{},,PEN_ratio,0.16
Buff-角色-柳-6画-特殊技伤害提升,bonus,,{},,ex_special_attack_dmg_bonus,0.2
Buff-角色-柳-6画-特殊技伤害提升,trigger,legacy_migration_check,"{""legacy_logic_id"": ""skill_start"", ""legacy_trigger_type"": null}","[{""func"": ""NOT_IMPLEMENTED""}]",,0.0
Buff-角色-简-狂热-物理积蓄效率提升,bonus,,{},,phy_buildup_rate,0.25
Buff-角色-简-狂热-额外精通转攻击力,bonus,,{},,ATK_numeric,2.0
Buff-角色-简-核心被动-啮咬触发器,bonus,,{},,cower_duration_extension,300.0
Buff-角色-简-核心被动-啮咬-强击暴击率提升,bonus,,{},,assault_crit_rate,0.01
Buff-角色-简-核心被动-啮咬-强击暴击伤害提升,bonus,,{},,assault_crit_dmg,0.5
Buff-角色-简-额外能力-物理异常积蓄效率提升,bonus,,{},,phy_buildup_rate,0.2
Buff-角色-简-额外能力-物理异常积蓄效率额外提升,bonus,,{},,phy_buildup_rate,0.15
Buff-角色-简-1画-狂热物理异常积蓄效率额外提升,bonus,,{},,phy_buildup_rate,0.15
Buff-角色-简-1画-精通转增伤,bonus,,{},,ALL_DMG_bonus,0.01
Buff-角色-简-2画-啮咬-强击无视防御与暴击伤害提升,bonus,,{},,assault_ignore_def,0.15
Buff-角色-简-2画-啮咬-强击无视防御与暴击伤害提升,bonus,,{},,assault_crit_dmg,0.5
Buff-角色-简-2画-啮咬-攻击无视防御,bonus,,{},,def_reduction_percentage,0.15
Buff-角色-简-6画-双暴提升,bonus,,{},,CRIT_rate_numeric,0.2
Buff-角色-简-6画-双暴提升,bonus,,{},,CRIT_damage_numeric,0.4
Buff-角色-简-6画-双暴提升,bonus,,{},,CRIT_rate_numeric,0.2
Buff-角色-简-6画-双暴提升,bonus,,{},,CRIT_damage_numeric,0.4
Buff-角色-薇薇安-协同攻击触发器,trigger,legacy_migration_check,"{""legacy_logic_id"": ""Buff-角色-薇薇安-协同攻击触发器"", ""legacy_trigger_type"": ""skill_hit""}","[{""func"": ""NOT_IMPLEMENTED""}]",,0.0
Buff-角色-薇薇安-羽毛结算触发器,trigger,legacy_migration_check,"{""legacy_logic_id"": ""Buff-角色-薇薇安-羽毛结算触发器"", ""legacy_trigger_type"": ""skill_hit""}","[{""func"": ""NOT_IMPLEMENTED""}]",,0.0
Buff-角色-薇薇安-核心被动触发器,trigger,legacy_migration_check,"{""legacy_logic_id"": ""Buff-角色-薇薇安-核心被动触发器"", ""legacy_trigger_type"": ""skill_hit""}","[{""func"": ""NOT_IMPLEMENTED""}]",,0.0
Buff-角色-薇薇安-预言触发器,trigger,legacy_migration_check,"{""legacy_logic_id"": ""Buff-角色-薇薇安-预言触发器"", ""legacy_trigger_type"": ""skill_hit""}","[{""func"": ""NOT_IMPLEMENTED""}]",,0.0
Buff-角色-薇薇安-额外能力-协同攻击触发器,trigger,legacy_migration_check,"{""legacy_logic_id"": ""Buff-角色-薇薇安-额外能力-协同攻击触发器"", ""legacy_trigger_type"": ""skill_hit""}","[{""func"": ""NOT_IMPLEMENTED""}]",,0.0
Buff-角色-薇薇安-额外能力-全队侵蚀伤害增加,bonus,,{},,corruption_dmg_bonus,0.12
Buff-角色-薇薇安-额外能力-侵蚀紊乱伤害提升,bonus,,{},,disorder_dmg_bonus,0.12
Buff-角色-薇薇安-1画-全属性异常和紊乱伤害提升,bonus,,{},,anomaly_damage_taken_bonus,0.16
Buff-角色-薇薇安-1画-全属性异常和紊乱伤害提升,bonus,,{},,disorder_dmg_bonus,0.16
Buff-角色-薇薇安-2画-以太积蓄效率提升,bonus,,{},,ether_buildup_rate,0.25
Buff-角色-薇薇安-2画-异放全属性抗性穿透,bonus,,{},,all_res_pen,0.15
Buff-角色-薇薇安-4画-悬落与落羽生花必暴,bonus,,{},,CRIT_rate_numeric,1.0
1331_SNA_2|1331_CoAttack_A,bonus,,{},,overall_ATK_percent,0.12
Buff-角色-薇薇安-6画-以太伤害增加,bonus,,{},,ETHER_DMG_bonus,0.4
Buff-驱动盘-法厄同之歌-四件套-以太伤害提高,bonus,,{},,ETHER_DMG_bonus,0.25
Buff-驱动盘-法厄同之歌-四件套-精通增幅,bonus,,{},,AP_numeric,45.0
Buff-武器-精1飞鸟星梦-属性异常积蓄效率,bonus,,{},,anomaly_buildup_rate,0.4
Buff-武器-精2飞鸟星梦-属性异常积蓄效率,bonus,,{},,anomaly_buildup_rate,0.46
Buff-武器-精3飞鸟星梦-属性异常积蓄效率,bonus,,{},,anomaly_buildup_rate,0.52
Buff-武器-精4飞鸟星梦-属性异常积蓄效率,bonus,,{},,anomaly_buildup_rate,0.58
Buff-武器-精5飞鸟星梦-属性异常积蓄效率,bonus,,{},,anomaly_buildup_rate,0.64
Buff-武器-精1飞鸟星梦-精通增幅,bonus,,{},,AP_numeric,20.0
Buff-武器-精2飞鸟星梦-精通增幅,bonus,,{},,AP_numeric,23.0
Buff-武器-精3飞鸟星梦-精通增幅,bonus,,{},,AP_numeric,26.0
Buff-武器-精4飞鸟星梦-精通增幅,bonus,,{},,AP_numeric,29.0
Buff-武器-精5飞鸟星梦-精通增幅,bonus,,{},,AP_numeric,32.0
Buff-武器-精1时流贤者-电积蓄效率提升,bonus,,{},,electric_buildup_rate,0.3
Buff-武器-精2时流贤者-电积蓄效率提升,bonus,,{},,electric_buildup_rate,0.35
Buff-武器-精3时流贤者-电积蓄效率提升,bonus,,{},,electric_buildup_rate,0.4
Buff-武器-精4时流贤者-电积蓄效率提升,bonus,,{},,electric_buildup_rate,0.45
Buff-武器-精5时流贤者-电积蓄效率提升,bonus,,{},,electric_buildup_rate,0.5
Buff-武器-精1时流贤者-精通提升,bonus,,{},,AP_numeric,75.0
Buff-武器-精2时流贤者-精通提升,bonus,,{},,AP_numeric,85.0
Buff-武器-精3时流贤者-精通提升,bonus,,{},,AP_numeric,95.0
Buff-武器-精4时流贤者-精通提升,bonus,,{},,AP_numeric,105.0
Buff-武器-精5时流贤者-精通提升,bonus,,{},,AP_numeric,115.0
Buff-武器-精1时流贤者-装备者紊乱伤害提升,bonus,,{},,disorder_dmg_bonus,0.25
Buff-武器-精2时流贤者-装备者紊乱伤害提升,bonus,,{},,disorder_dmg_bonus,0.275
Buff-武器-精3时流贤者-装备者紊乱伤害提升,bonus,,{},,disorder_dmg_bonus,0.3
Buff-武器-精4时流贤者-装备者紊乱伤害提升,bonus,,{},,disorder_dmg_bonus,0.325
Buff-武器-精5时流贤者-装备者紊乱伤害提升,bonus,,{},,disorder_dmg_bonus,0.35
Buff-武器-精1淬锋钳刺-猎意,bonus,,{},,PHY_DMG_bonus,0.12
Buff-武器-精2淬锋钳刺-猎意,bonus,,{},,PHY_DMG_bonus,0.15
Buff-武器-精3淬锋钳刺-猎意,bonus,,{},,PHY_DMG_bonus,0.18
Buff-武器-精4淬锋钳刺-猎意,bonus,,{},,PHY_DMG_bonus,0.21
Buff-武器-精5淬锋钳刺-猎意,bonus,,{},,PHY_DMG_bonus,0.24
Buff-武器-精1淬锋钳刺-属性异常积蓄效率提升,bonus,,{},,anomaly_buildup_rate,0.4
Buff-武器-精2淬锋钳刺-属性异常积蓄效率提升,bonus,,{},,anomaly_buildup_rate,0.5
Buff-武器-精3淬锋钳刺-属性异常积蓄效率提升,bonus,,{},,anomaly_buildup_rate,0.6
Buff-武器-精4淬锋钳刺-属性异常积蓄效率提升,bonus,,{},,anomaly_buildup_rate,0.7
Buff-武器-精5淬锋钳刺-属性异常积蓄效率提升,bonus,,{},,anomaly_buildup_rate,0.8
Buff-武器-精1玲珑妆匣-全队增伤,bonus,,{},,ALL_DMG_bonus,0.1
Buff-武器-精2玲珑妆匣-全队增伤,bonus,,{},,ALL_DMG_bonus,0.115
Buff-武器-精3玲珑妆匣-全队增伤,bonus,,{},,ALL_DMG_bonus,0.13
Buff-武器-精4玲珑妆匣-全队增伤,bonus,,{},,ALL_DMG_bonus,0.145
Buff-武器-精5玲珑妆匣-全队增伤,bonus,,{},,ALL_DMG_bonus,0.16
Buff-武器-精1雨林饕客-局内攻击力,bonus,,{},,overall_ATK_percent,0.025
Buff-武器-精2雨林饕客-局内攻击力,bonus,,{},,overall_ATK_percent,0.028
Buff-武器-精3雨林饕客-局内攻击力,bonus,,{},,overall_ATK_percent,0.032
Buff-武器-精4雨林饕客-局内攻击力,bonus,,{},,overall_ATK_percent,0.036
Buff-武器-精5雨林饕客-局内攻击力,bonus,,{},,overall_ATK_percent,0.04
Buff-武器-精1双生泣星-精通增幅,bonus,,{},,AP_numeric,30.0
Buff-武器-精2双生泣星-精通增幅,bonus,,{},,AP_numeric,34.0
Buff-武器-精3双生泣星-精通增幅,bonus,,{},,AP_numeric,38.0
Buff-武器-精4双生泣星-精通增幅,bonus,,{},,AP_numeric,42.0
Buff-武器-精5双生泣星-精通增幅,bonus,,{},,AP_numeric,48.0
Buff-武器-精1触电唇彩-攻击力与增伤,bonus,,{},,ALL_DMG_bonus,0.15
Buff-武器-精1触电唇彩-攻击力与增伤,bonus,,{},,overall_ATK_percent,0.1
Buff-武器-精2触电唇彩-攻击力与增伤,bonus,,{},,ALL_DMG_bonus,0.175
Buff-武器-精2触电唇彩-攻击力与增伤,bonus,,{},,overall_ATK_percent,0.115
Buff-武器-精3触电唇彩-攻击力与增伤,bonus,,{},,ALL_DMG_bonus,0.2
Buff-武器-精3触电唇彩-攻击力与增伤,bonus,,{},,overall_ATK_percent,0.13
Buff-武器-精4触电唇彩-攻击力与增伤,bonus,,{},,ALL_DMG_bonus,0.225
Buff-武器-精4触电唇彩-攻击力与增伤,bonus,,{},,overall_ATK_percent,0.145
Buff-武器-精5触电唇彩-攻击力与增伤,bonus,,{},,ALL_DMG_bonus,0.25
Buff-武器-精5触电唇彩-攻击力与增伤,bonus,,{},,overall_ATK_percent,0.16
Buff-武器-精1轰鸣座驾-攻击力,bonus,,{},,overall_ATK_percent,0.08
Buff-武器-精2轰鸣座驾-攻击力,bonus,,{},,overall_ATK_percent,0.092
Buff-武器-精3轰鸣座驾-攻击力,bonus,,{},,overall_ATK_percent,0.104
Buff-武器-精4轰鸣座驾-攻击力,bonus,,{},,overall_ATK_percent,0.116
Buff-武器-精5轰鸣座驾-攻击力,bonus,,{},,overall_ATK_percent,0.128
Buff-武器-精1轰鸣座驾-精通提升,bonus,,{},,AP_numeric,40.0
Buff-武器-精2轰鸣座驾-精通提升,bonus,,{},,AP_numeric,46.0
Buff-武器-精3轰鸣座驾-精通提升,bonus,,{},,AP_numeric,52.0
Buff-武器-精4轰鸣座驾-精通提升,bonus,,{},,AP_numeric,58.0
Buff-武器-精5轰鸣座驾-精通提升,bonus,,{},,AP_numeric,64.0
Buff-武器-精1轰鸣座驾-属性异常积蓄,bonus,,{},,anomaly_buildup_rate,0.25
Buff-武器-精2轰鸣座驾-属性异常积蓄,bonus,,{},,anomaly_buildup_rate,0.28
Buff-武器-精3轰鸣座驾-属性异常积蓄,bonus,,{},,anomaly_buildup_rate,0.32
Buff-武器-精4轰鸣座驾-属性异常积蓄,bonus,,{},,anomaly_buildup_rate,0.36
Buff-武器-精5轰鸣座驾-属性异常积蓄,bonus,,{},,anomaly_buildup_rate,0.4
Buff-武器-精1「电磁暴」-壹式-异常掌控,bonus,,{},,AM_percent,25.0
Buff-武器-精2「电磁暴」-壹式-异常掌控,bonus,,{},,AM_percent,28.0
Buff-武器-精3「电磁暴」-壹式-异常掌控,bonus,,{},,AM_percent,32.0
Buff-武器-精4「电磁暴」-壹式-异常掌控,bonus,,{},,AM_percent,36.0
Buff-武器-精5「电磁暴」-壹式-异常掌控,bonus,,{},,AM_percent,40.0
Buff-武器-精1「电磁暴」-贰式-异常精通,bonus,,{},,AP_numeric,25.0
Buff-武器-精2「电磁暴」-贰式-异常精通,bonus,,{},,AP_numeric,28.0
Buff-武器-精3「电磁暴」-贰式-异常精通,bonus,,{},,AP_numeric,32.0
Buff-武器-精4「电磁暴」-贰式-异常精通,bonus,,{},,AP_numeric,36.0
Buff-武器-精5「电磁暴」-贰式-异常精通,bonus,,{},,AP_numeric,40.0
Buff-角色-雨果-核心被动-暗渊回响,bonus,,{},,CRIT_rate_numeric,0.12
Buff-角色-雨果-核心被动-暗渊回响,bonus,,{},,CRIT_damage_numeric,0.25
Buff-角色-雨果-核心被动-单击破攻击力,bonus,,{},,ATK_numeric,300.0
Buff-角色-雨果-核心被动-双击破攻击力,bonus,,{},,ATK_numeric,600.0
Buff-角色-雨果-决算倍率增幅,bonus,,{},,extra_dmg_multiplier,0.01
Buff-角色-雨果-核心被动-强化E失衡值提升,bonus,,{},,ex_special_attack_daze_bonus,0.2
Buff-角色-雨果-额外能力-连携技伤害提升,bonus,,{},,chain_attack_dmg_bonus,0.15
Buff-角色-雨果-额外能力-连携技对普通敌人伤害提升,bonus,,{},,chain_attack_dmg_bonus,0.35
Buff-角色-雨果-额外能力-决算招式增伤,bonus,,{},,ALL_DMG_bonus,0.4
Buff-角色-雨果-1画-决算招式双暴增幅,bonus,,{},,CRIT_rate_numeric,0.12
Buff-角色-雨果-1画-决算招式双暴增幅,bonus,,{},,CRIT_damage_numeric,0.3
Buff-角色-雨果-2画-决算招式无视防御力,bonus,,{},,def_reduction_percentage,0.15
1291_SNA_2_FC|1291_SCA_FC|1291_NA_A_FC|1291_BH_Aid_A_FC|1291_SNA_2_NFC|1291_SCA|1291_NA_A|1291_BH_Aid_A,bonus,,{},,ice_res_pen,0.12
Buff-角色-雨果-6画-决算招式增伤,bonus,,{},,ALL_DMG_bonus,0.6
Buff-武器-精1千面日陨-常驻暴伤,bonus,,{},,CRIT_damage_numeric,0.45
Buff-武器-精2千面日陨-常驻暴伤,bonus,,{},,CRIT_damage_numeric,0.5175
Buff-武器-精3千面日陨-常驻暴伤,bonus,,{},,CRIT_damage_numeric,0.585
Buff-武器-精4千面日陨-常驻暴伤,bonus,,{},,CRIT_damage_numeric,0.6525
Buff-武器-精5千面日陨-常驻暴伤,bonus,,{},,CRIT_damage_numeric,0.72
Buff-武器-精1千面日陨-零度处刑,bonus,,{},,def_reduction_percentage,0.25
Buff-武器-精2千面日陨-零度处刑,bonus,,{},,def_reduction_percentage,0.2875
Buff-武器-精3千面日陨-零度处刑,bonus,,{},,def_reduction_percentage,0.325
Buff-武器-精4千面日陨-零度处刑,bonus,,{},,def_reduction_percentage,0.3625
Buff-武器-精5千面日陨-零度处刑,bonus,,{},,def_reduction_percentage,0.4
Buff-武器-精1钢铁肉垫-常驻物理伤,bonus,,{},,PHY_DMG_bonus,0.2
Buff-武器-精2钢铁肉垫-常驻物理伤,bonus,,{},,PHY_DMG_bonus,0.25
Buff-武器-精3钢铁肉垫-常驻物理伤,bonus,,{},,PHY_DMG_bonus,0.3
Buff-武器-精4钢铁肉垫-常驻物理伤,bonus,,{},,PHY_DMG_bonus,0.35
Buff-武器-精5钢铁肉垫-常驻物理伤,bonus,,{},,PHY_DMG_bonus,0.4
Buff-武器-精1钢铁肉垫-背击增伤,bonus,,{},,ALL_DMG_bonus,0.25
Buff-武器-精2钢铁肉垫-背击增伤,bonus,,{},,ALL_DMG_bonus,0.315
Buff-武器-精3钢铁肉垫-背击增伤,bonus,,{},,ALL_DMG_bonus,0.38
Buff-武器-精4钢铁肉垫-背击增伤,bonus,,{},,ALL_DMG_bonus,0.44
Buff-武器-精5钢铁肉垫-背击增伤,bonus,,{},,ALL_DMG_bonus,0.5
Buff-武器-精1街头巨星-终结技增伤,bonus,,{},,ultimate_dmg_bonus,0.15
Buff-武器-精2街头巨星-终结技增伤,bonus,,{},,ultimate_dmg_bonus,0.172
Buff-武器-精3街头巨星-终结技增伤,bonus,,{},,ultimate_dmg_bonus,0.195
Buff-武器-精4街头巨星-终结技增伤,bonus,,{},,ultimate_dmg_bonus,0.217
Buff-武器-精5街头巨星-终结技增伤,bonus,,{},,ultimate_dmg_bonus,0.24
Buff-武器-精1鎏金花信-局内攻击和强化E增伤,bonus,,{},,overall_ATK_percent,0.06
Buff-武器-精1鎏金花信-局内攻击和强化E增伤,bonus,,{},,ex_special_attack_dmg_bonus,0.15
Buff-武器-精2鎏金花信-局内攻击和强化E增伤,bonus,,{},,overall_ATK_percent,0.069
Buff-武器-精2鎏金花信-局内攻击和强化E增伤,bonus,,{},,ex_special_attack_dmg_bonus,0.172
Buff-武器-精3鎏金花信-局内攻击和强化E增伤,bonus,,{},,overall_ATK_percent,0.078
Buff-武器-精3鎏金花信-局内攻击和强化E增伤,bonus,,{},,ex_special_attack_dmg_bonus,0.195
Buff-武器-精4鎏金花信-局内攻击和强化E增伤,bonus,,{},,overall_ATK_percent,0.087
Buff-武器-精4鎏金花信-局内攻击和强化E增伤,bonus,,{},,ex_special_attack_dmg_bonus,0.218
Buff-武器-精5鎏金花信-局内攻击和强化E增伤,bonus,,{},,overall_ATK_percent,0.096
Buff-武器-精5鎏金花信-局内攻击和强化E增伤,bonus,,{},,ex_special_attack_dmg_bonus,0.24
Buff-武器-精1强音热望-攻击力加成,bonus,,{},,overall_ATK_percent,0.06
Buff-武器-精2强音热望-攻击力加成,bonus,,{},,overall_ATK_percent,0.069
Buff-武器-精3强音热望-攻击力加成,bonus,,{},,overall_ATK_percent,0.078
Buff-武器-精4强音热望-攻击力加成,bonus,,{},,overall_ATK_percent,0.087
Buff-武器-精5强音热望-攻击力加成,bonus,,{},,overall_ATK_percent,0.096
Buff-武器-精1强音热望-额外攻击力加成,bonus,,{},,overall_ATK_percent,0.06
Buff-武器-精2强音热望-额外攻击力加成,bonus,,{},,overall_ATK_percent,0.069
Buff-武器-精3强音热望-额外攻击力加成,bonus,,{},,overall_ATK_percent,0.078
Buff-武器-精4强音热望-额外攻击力加成,bonus,,{},,overall_ATK_percent,0.087
Buff-武器-精5强音热望-额外攻击力加成,bonus,,{},,overall_ATK_percent,0.096
Buff-武器-精1加农转子-常驻攻击力,bonus,,{},,overall_ATK_percent,0.075
Buff-武器-精2加农转子-常驻攻击力,bonus,,{},,overall_ATK_percent,0.086
Buff-武器-精3加农转子-常驻攻击力,bonus,,{},,overall_ATK_percent,0.097
Buff-武器-精4加农转子-常驻攻击力,bonus,,{},,overall_ATK_percent,0.108
Buff-武器-精5加农转子-常驻攻击力,bonus,,{},,overall_ATK_percent,0.12
Buff-武器-精1「月相」-望-增伤,bonus,,{},,normal_attack_dmg_bonus,0.12
Buff-武器-精1「月相」-望-增伤,bonus,,{},,dash_attack_dmg_bonus,0.12
Buff-武器-精1「月相」-望-增伤,bonus,,{},,dodge_counter_dmg_bonus,0.12
Buff-武器-精2「月相」-望-增伤,bonus,,{},,normal_attack_dmg_bonus,0.14
Buff-武器-精2「月相」-望-增伤,bonus,,{},,dash_attack_dmg_bonus,0.14
Buff-武器-精2「月相」-望-增伤,bonus,,{},,dodge_counter_dmg_bonus,0.14
Buff-武器-精3「月相」-望-增伤,bonus,,{},,normal_attack_dmg_bonus,0.16
Buff-武器-精3「月相」-望-增伤,bonus,,{},,dash_attack_dmg_bonus,0.16
Buff-武器-精3「月相」-望-增伤,bonus,,{},,dodge_counter_dmg_bonus,0.16
Buff-武器-精4「月相」-望-增伤,bonus,,{},,normal_attack_dmg_bonus,0.18
Buff-武器-精4「月相」-望-增伤,bonus,,{},,dash_attack_dmg_bonus,0.18
Buff-武器-精4「月相」-望-增伤,bonus,,{},,dodge_counter_dmg_bonus,0.18
Buff-武器-精5「月相」-望-增伤,bonus,,{},,normal_attack_dmg_bonus,0.2
Buff-武器-精5「月相」-望-增伤,bonus,,{},,dash_attack_dmg_bonus,0.2
Buff-武器-精5「月相」-望-增伤,bonus,,{},,dodge_counter_dmg_bonus,0.2
Buff-武器-精1「月相」-晦-增伤,bonus,,{},,ALL_DMG_bonus,0.15
Buff-武器-精2「月相」-晦-增伤,bonus,,{},,ALL_DMG_bonus,0.175
Buff-武器-精3「月相」-晦-增伤,bonus,,{},,ALL_DMG_bonus,0.2
Buff-武器-精4「月相」-晦-增伤,bonus,,{},,ALL_DMG_bonus,0.225
Buff-武器-精5「月相」-晦-增伤,bonus,,{},,ALL_DMG_bonus,0.25
1371_SNA_B_1|1371_SNA_B_2|1371_E_EX_A_1_NFC|1371_E_EX_A_1_FC|1371_E_EX_B_2|1371_E_EX_A_2|1371_E_EX_A_1_Add|1371_E_EX_A_3|1371_E_EX_B_1|1371_E_EX_B_3|1371_Assault_Aid|1371_QTE|1371_Q|1371_Q_A|1371_E_EX_A_1_FCT,bonus,,{},,ALL_DMG_bonus,0.6
Buff-角色-仪玄-额外能力-对失衡敌人增伤,bonus,,{},,ALL_DMG_bonus,0.3
Buff-角色-仪玄-额外能力-暴伤提升,bonus,,{},,CRIT_damage_numeric,0.4
Buff-角色-仪玄-1画-暴击率提升,bonus,,{},,CRIT_rate_numeric,0.1
Buff-角色-仪玄-2画-强化E与终结技无视以太抗,bonus,,{},,ether_res_pen,0.15
Buff-角色-仪玄-2画-失衡时间提升,bonus,,{},,stun_duration_extension,180.0
Buff-角色-仪玄-4画-静心,bonus,,{},,ALL_DMG_bonus,0.3
Buff-角色-仪玄-6画-贯穿伤害提高,bonus,,{},,pierce_dmg_bonus,0.2
Buff-武器-精1青溟笼舍-暴击率提升,bonus,,{},,CRIT_rate_numeric,0.2
Buff-武器-精2青溟笼舍-暴击率提升,bonus,,{},,CRIT_rate_numeric,0.23
Buff-武器-精3青溟笼舍-暴击率提升,bonus,,{},,CRIT_rate_numeric,0.26
Buff-武器-精4青溟笼舍-暴击率提升,bonus,,{},,CRIT_rate_numeric,0.29
Buff-武器-精5青溟笼舍-暴击率提升,bonus,,{},,CRIT_rate_numeric,0.32
Buff-武器-精1青溟笼舍-以太伤害提升,bonus,,{},,ETHER_DMG_bonus,0.08
Buff-武器-精2青溟笼舍-以太伤害提升,bonus,,{},,ETHER_DMG_bonus,0.092
Buff-武器-精3青溟笼舍-以太伤害提升,bonus,,{},,ETHER_DMG_bonus,0.104
Buff-武器-精4青溟笼舍-以太伤害提升,bonus,,{},,ETHER_DMG_bonus,0.116
Buff-武器-精5青溟笼舍-以太伤害提升,bonus,,{},,ETHER_DMG_bonus,0.128
Buff-武器-精1青溟笼舍-贯穿伤害提升,bonus,,{},,pierce_dmg_bonus,0.1
Buff-武器-精2青溟笼舍-贯穿伤害提升,bonus,,{},,pierce_dmg_bonus,0.115
Buff-武器-精3青溟笼舍-贯穿伤害提升,bonus,,{},,pierce_dmg_bonus,0.13
Buff-武器-精4青溟笼舍-贯穿伤害提升,bonus,,{},,pierce_dmg_bonus,0.145
Buff-武器-精5青溟笼舍-贯穿伤害提升,bonus,,{},,pierce_dmg_bonus,0.16
Buff-驱动盘-云岿如我-四件套-暴击率提升,bonus,,{},,CRIT_rate_numeric,0.04
Buff-驱动盘-云岿如我-四件套-贯穿伤害提升,bonus,,{},,pierce_dmg_bonus,0.1
Buff-武器-精1幻变魔方-爆伤提升,bonus,,{},,CRIT_damage_numeric,0.16
Buff-武器-精2幻变魔方-爆伤提升,bonus,,{},,CRIT_damage_numeric,0.184
Buff-武器-精3幻变魔方-爆伤提升,bonus,,{},,CRIT_damage_numeric,0.208
Buff-武器-精4幻变魔方-爆伤提升,bonus,,{},,CRIT_damage_numeric,0.232
Buff-武器-精5幻变魔方-爆伤提升,bonus,,{},,CRIT_damage_numeric,0.256
Buff-武器-精1幻变魔方-强化E增伤,bonus,,{},,ex_special_attack_dmg_bonus,0.2
Buff-武器-精2幻变魔方-强化E增伤,bonus,,{},,ex_special_attack_dmg_bonus,0.23
Buff-武器-精3幻变魔方-强化E增伤,bonus,,{},,ex_special_attack_dmg_bonus,0.26
Buff-武器-精4幻变魔方-强化E增伤,bonus,,{},,ex_special_attack_dmg_bonus,0.29
Buff-武器-精5幻变魔方-强化E增伤,bonus,,{},,ex_special_attack_dmg_bonus,0.32
Buff-武器-精1电波漫步-贯穿力提升,bonus,,{},,PEN_numeric,80.0
Buff-武器-精2电波漫步-贯穿力提升,bonus,,{},,PEN_numeric,92.0
Buff-武器-精3电波漫步-贯穿力提升,bonus,,{},,PEN_numeric,104.0
Buff-武器-精4电波漫步-贯穿力提升,bonus,,{},,PEN_numeric,116.0
Buff-武器-精5电波漫步-贯穿力提升,bonus,,{},,PEN_numeric,128.0
Buff-武器-精1「灰烬」-钴蓝-攻击力提升,bonus,,{},,overall_ATK_percent,0.072
Buff-武器-精2「灰烬」-钴蓝-攻击力提升,bonus,,{},,overall_ATK_percent,0.082
Buff-武器-精3「灰烬」-钴蓝-攻击力提升,bonus,,{},,overall_ATK_percent,0.093
Buff-武器-精4「灰烬」-钴蓝-攻击力提升,bonus,,{},,overall_ATK_percent,0.104
Buff-武器-精5「灰烬」-钴蓝-攻击力提升,bonus,,{},,overall_ATK_percent,0.115
Buff-角色-柚叶-彩糖花火积蓄值增加,bonus,,{},,anomaly_buildup_rate,0.01
Buff-角色-柚叶-彩糖花火·极积蓄值增加,bonus,,{},,anomaly_buildup_rate,0.01
1411_E_EX_A|1411_E_EX_B|1411_Q,bonus,,{},,ATK_numeric,1.0
1411_E_EX_A|1411_E_EX_B|1411_Q,bonus,,{},,ALL_DMG_bonus,0.15
1411_E_EX_A|1411_E_EX_B|1411_Q,bonus,,{},,anomaly_buildup_rate,0.002
1411_E_EX_A|1411_E_EX_B|1411_Q,bonus,,{},,ALL_DMG_bonus,0.002
Buff-角色-柚叶-1画-全属性伤害抗性降低,bonus,,{},,all_res_reduction,0.1
1411_E_EX_A|1411_E_EX_B|1411_Q,bonus,,{},,ALL_DMG_bonus,0.15
1411_E_EX_A|1411_E_EX_B|1411_Q,bonus,,{},,anomaly_buildup_rate,0.15
Buff-角色-柚叶-4画-支援突击增幅,bonus,,{},,ALL_DMG_bonus,0.3
Buff-角色-柚叶-4画-支援突击增幅,bonus,,{},,anomaly_buildup_rate,0.2
1411_Cinema_6,bonus,,{},,disorder_multiplier,1.05
Buff-武器-精1狸法七变化-异常掌控,bonus,,{},,AM_percent,30.0
Buff-武器-精2狸法七变化-异常掌控,bonus,,{},,AM_percent,34.5
Buff-武器-精3狸法七变化-异常掌控,bonus,,{},,AM_percent,39.0
Buff-武器-精4狸法七变化-异常掌控,bonus,,{},,AM_percent,43.5
Buff-武器-精5狸法七变化-异常掌控,bonus,,{},,AM_percent,48.0
Buff-武器-精1狸法七变化-全队异常精通,bonus,,{},,AP_numeric,60.0
Buff-武器-精2狸法七变化-全队异常精通,bonus,,{},,AP_numeric,69.0
Buff-武器-精3狸法七变化-全队异常精通,bonus,,{},,AP_numeric,78.0
Buff-武器-精4狸法七变化-全队异常精通,bonus,,{},,AP_numeric,87.0
Buff-武器-精5狸法七变化-全队异常精通,bonus,,{},,AP_numeric,96.0
Buff-角色-爱丽丝-核心被动-紊乱基础倍率增加,bonus,,{},,disorder_multiplier,0.18
Buff-角色-爱丽丝-核心被动-物理异常积蓄效率提升,bonus,,{},,phy_buildup_rate,0.25
Buff-角色-爱丽丝-额外能力-异常掌控转精通,bonus,,{},,AP_numeric,1.0
Buff-角色-爱丽丝-额外能力-异常掌控转精通,trigger,legacy_migration_check,"{""legacy_logic_id"": ""Alice_Additional_Ability_Ap_Bonus"", ""legacy_trigger_type"": ""skill_start""}","[{""func"": ""NOT_IMPLEMENTED""}]",,0.0
Buff-角色-爱丽丝-影画-1画-减防,bonus,,{},,def_reduction_percentage,0.2
Buff-角色-爱丽丝-影画-2画-全队强击伤害提升,bonus,,{},,assault_dmg_bonus,0.15
Buff-角色-爱丽丝-影画-2画-紊乱伤害提升,bonus,,{},,disorder_dmg_bonus,0.15
Buff-角色-爱丽丝-影画-4画-无视物理伤害抗性,bonus,,{},,phy_res_pen,0.1
1401_NA_5_PLUS,bonus,,{},,normal_attack_buildup_rate,0.25
Buff-角色-爱丽丝-影画-6画-额外攻击触发器,trigger,legacy_migration_check,"{""legacy_logic_id"": ""Alice_Cinema6_Trigger"", ""legacy_trigger_type"": ""skill_hit""}","[{""func"": ""NOT_IMPLEMENTED""}]",,0.0
Buff-角色-爱丽丝-影画-6画-额外攻击必暴,bonus,,{},,CRIT_rate_numeric,1.0
Buff-武器-精1十方锻星-异常掌控提升,bonus,,{},,AM_percent,60.0
Buff-武器-精2十方锻星-异常掌控提升,bonus,,{},,AM_percent,69.0
Buff-武器-精3十方锻星-异常掌控提升,bonus,,{},,AM_percent,78.0
Buff-武器-精4十方锻星-异常掌控提升,bonus,,{},,AM_percent,87.0
Buff-武器-精5十方锻星-异常掌控提升,bonus,,{},,AM_percent,96.0
Buff-武器-精1十方锻星-物理伤害增加,bonus,,{},,PHY_DMG_bonus,0.2
Buff-武器-精2十方锻星-物理伤害增加,bonus,,{},,PHY_DMG_bonus,0.23
Buff-武器-精3十方锻星-物理伤害增加,bonus,,{},,PHY_DMG_bonus,0.26
Buff-武器-精4十方锻星-物理伤害增加,bonus,,{},,PHY_DMG_bonus,0.29
Buff-武器-精5十方锻星-物理伤害增加,bonus,,{},,PHY_DMG_bonus,0.32
Buff-角色-席德-强袭,bonus,,{},,ATK_numeric,1000.0
Buff-角色-席德-强袭,bonus,,{},,CRIT_damage_numeric,0.3
Buff-角色-席德-明攻,bonus,,{},,ATK_numeric,1000.0
Buff-角色-席德-明攻,bonus,,{},,CRIT_damage_numeric,0.3
Buff-角色-席德-围杀,bonus,,{},,ALL_DMG_bonus,0.25
Buff-角色-席德-额外能力-重击大招增伤无视电抗,bonus,,{},,ALL_DMG_bonus,0.3
Buff-角色-席德-额外能力-重击大招增伤无视电抗,bonus,,{},,electric_res_pen,0.25
Buff-角色-席德-影画-1画-崩坠暴伤增加,bonus,,{},,CRIT_damage_numeric,0.3
Buff-角色-席德-影画-2画-围杀无视防御力,bonus,,{},,def_reduction_percentage,0.2
Buff-角色-席德-影画-2画-耗能转化增伤,bonus,,{},,ALL_DMG_bonus,0.05
Buff-角色-席德-影画-4画-喧响效率与大招增伤,bonus,,{},,decibel_generation_ratio,0.1
Buff-角色-席德-影画-4画-喧响效率与大招增伤,bonus,,{},,ultimate_dmg_bonus,0.2
Buff-角色-席德-影画-6画-常驻暴伤,bonus,,{},,CRIT_damage_numeric,0.5
Buff-武器-精1机巧心种-常驻暴击,bonus,,{},,CRIT_rate_numeric,0.15
Buff-武器-精2机巧心种-常驻暴击,bonus,,{},,CRIT_rate_numeric,0.17
Buff-武器-精3机巧心种-常驻暴击,bonus,,{},,CRIT_rate_numeric,0.19
Buff-武器-精4机巧心种-常驻暴击,bonus,,{},,CRIT_rate_numeric,0.21
Buff-武器-精5机巧心种-常驻暴击,bonus,,{},,CRIT_rate_numeric,0.23
Buff-武器-精1机巧心种-电属性增伤,bonus,,{},,ELECTRIC_DMG_bonus,0.125
Buff-武器-精2机巧心种-电属性增伤,bonus,,{},,ELECTRIC_DMG_bonus,0.145
Buff-武器-精3机巧心种-电属性增伤,bonus,,{},,ELECTRIC_DMG_bonus,0.165
Buff-武器-精4机巧心种-电属性增伤,bonus,,{},,ELECTRIC_DMG_bonus,0.185
Buff-武器-精5机巧心种-电属性增伤,bonus,,{},,ELECTRIC_DMG_bonus,0.205
Buff-武器-精1机巧心种-普攻大招无视防御,bonus,,{},,def_reduction_percentage,0.2
Buff-武器-精2机巧心种-普攻大招无视防御,bonus,,{},,def_reduction_percentage,0.23
Buff-武器-精3机巧心种-普攻大招无视防御,bonus,,{},,def_reduction_percentage,0.26
Buff-武器-精4机巧心种-普攻大招无视防御,bonus,,{},,def_reduction_percentage,0.29
Buff-武器-精5机巧心种-普攻大招无视防御,bonus,,{},,def_reduction_percentage,0.32
Buff-驱动盘-拂晓生花-二件套-普攻增伤,bonus,,{},,normal_attack_dmg_bonus,0.15
Buff-驱动盘-拂晓生花-四件套-常驻普攻增伤,bonus,,{},,normal_attack_dmg_bonus,0.2
Buff-驱动盘-拂晓生花-四件套-触发普攻增伤,bonus,,{},,normal_attack_dmg_bonus,0.2
Buff-驱动盘-月光骑士颂-全队增伤,bonus,,{},,ALL_DMG_bonus,0.18
